smiles,BBBP
COC(C)(C)CCn1nc(Nc2c(C)cccc2C)c2cnc(Nc3ccc(OCCN4CCCC4)cc3)nc21,1.0
Cc1cc(Nc2nc3ccc(C(=O)Nc4c(C)cccc4Cl)cc3s2)nc(NCC2CCCO2)n1,1.0
Cc1cccc(Cl)c1NC(=O)c1ccc2nc(Nc3cccc(NCCO)n3)sc2c1,1.0
Cc1cccc(Cl)c1NC(=O)c1ccc2nc(NC(=O)NC(C)(C)C)sc2c1,1.0
CNc1cc(Nc2nc3ccc(C(=O)Nc4c(C)cccc4Cl)cc3s2)ncn1,1.0
Cc1nc(Nc2ncc(C(=O)Nc3c(C)cccc3Cl)s2)cc(N2CCN(CCO)CC2)n1,1.0
COC(C)(C)CCn1nc(Nc2c(C)cccc2C)c2cnc(Nc3ccc(OCCN4CCCC4)c(F)c3)nc21,1.0
Cc1cc(-c2c(Cl)cccc2Cl)cc2nnc(Nc3ccc(OCC[N+]4([O-])CCCC4)cc3)nc12,1.0
CCOc1ccccc1Oc1nc(Nc2ccc(N3CCNCC3)cc2)ncc1C(=O)Nc1c(C)cccc1C,1.0
Cc1ccc(O)cc1Nc1ccnc2cc(-c3csc(C=O)n3)ccc12,1.0
Cc1cc(-c2c(Cl)cccc2Cl)cc2nnc(Nc3ccc(OCCN4CCCC4)cc3)nc12,1.0
CN(C)Cc1ccc(C2CC2C(=O)Nc2nc3ccc(-c4cn[nH]c4)cc3s2)cc1,1.0
O=C(Nc1cccc(C(=O)c2ccc3c(/C=C/c4ccccn4)n[nH]c3c2)c1)c1ccccc1,1.0
CN(C)Cc1ccc([C@H]2C[C@@H]2C(=O)Nc2nc3ccc(-c4cn[nH]c4)cc3s2)cc1,1.0
Cc1cc(Nc2cc(N3CCN(C)CC3)nc(Sc3ccc(NC(=O)C4CC4)cc3)n2)n[nH]1,1.0
COc1cc(-c2ccc3c(/C=C/c4ccc(OC)c(OC)c4)n[nH]c3c2)ccc1O,1.0
C=CC(=O)N1CCCC(n2nc(-c3ccc(Oc4ccccc4)cc3)c3c(N)ncnc32)C1,1.0
CCN(CC)Cc1cc([C@H]2C[C@@H]2C(=O)Nc2nc3ccc(-c4cn[nH]c4)cc3s2)ccc1OC,1.0
CNC(=O)COc1cccc(Nc2ncc(F)c(Nc3ccc4c(c3)NC(=O)C(F)(F)O4)n2)c1,1.0
c1ccc(-c2c(-c3ccc(OCCN4CCCC4)cc3)[nH]c3ncnc(NCC4SCCS4)c23)cc1,1.0
CN(C)CCOc1ccc(-c2oc3ncnc(NCC4SCCS4)c3c2-c2ccccc2)cc1,1.0
CN(C)Cc1cccc([C@H]2C[C@@H]2C(=O)Nc2nc3ccc(-c4cn[nH]c4)cc3s2)c1,1.0
Oc1cccc(Oc2ccc3c(/C=C/c4ccccc4)n[nH]c3c2)c1,1.0
CCN(CCO)CCCOc1ccc2c(Nc3cc(CC(=O)Nc4cccc(F)c4)[nH]n3)ncnc2c1,1.0
CC1(C)CCc2c(C(=O)Nc3cnn([C@H](c4ccccc4)C4CCS(=O)(=O)C4)c3)n[nH]c2C1,1.0
CC1(C)CCc2c(C(=O)Nc3cnn([C@H](c4ccccc4)C4CCCS(=O)(=O)C4)c3)n[nH]c2C1,1.0
C[C@@]12Cc3[nH]nc(C(=O)Nc4cnn([C@H](c5ccccc5)C5CCS(=O)(=O)CC5)c4)c3C[C@@H]1C2,1.0
CN(C)CC[C@@H](c1ccccc1)n1cc(NC(=O)c2n[nH]c3c2CCC(C)(C)C3)cn1,1.0
Nc1nc(Nc2ccc([C@H]3CC[C@H](N4CCOCC4)CC3)cc2)nn1-c1ccccn1,1.0
CN(C)Cc1ccc([C@H]2C[C@@H]2C(=O)Nc2nc3ccc(-c4cccnc4)cc3s2)cc1,1.0
C[C@@]12Cc3[nH]nc(C(=O)Nc4cnn([C@H](c5ccccc5)[C@H]5CCCCS5(=O)=O)c4)c3C[C@@H]1C2(F)F,1.0
CNc1cncc(-c2c[nH]c(=O)c(NC(=O)c3ccc(N4CCC[C@H]4CN4CCCC4)cc3)c2)n1,1.0
CC12Cc3[nH]nc(C(=O)Nc4cnn(Cc5ccccc5)c4)c3CC1C2(F)F,1.0
CC1(C)CCc2c(C(=O)Nc3cnn([C@H](c4ccccc4)C4CCS(=O)(=O)CC4)c3)n[nH]c2C1,1.0
COc1ccc(C2CC2C(=O)Nc2nc3ccc(-c4cn[nH]c4)cc3s2)cc1,1.0
CC(C)[C@@](C)(O)[C@@H]1CN(c2nc(-c3n[nH]c4ncccc34)c(F)cc2Cl)CCN1,0.0
O=C(N[C@H](CO)c1ccc(F)c(Cl)c1)c1cc(-c2n[nH]cc2-c2cccc(Cl)c2)c[nH]1,0.0
CC12Cc3[nH]nc(C(=O)Nc4cnn(Cc5ccccc5)c4)c3CC1C2,0.0
CC1(C)CCc2c(C(=O)Nc3cnn([C@H](c4ccccc4)C4CC[S+]([O-])CC4)c3)n[nH]c2C1,0.0
COc1ccc([C@H]2C[C@@H]2C(=O)Nc2nc3ccc(-c4cn[nH]c4)cc3s2)cc1,0.0
CC1(C)CCc2c(C(=O)Nc3cnn(Cc4ccccc4)c3)n[nH]c2C1,0.0
CC1(C)CCc2c(C(=O)Nc3cnn([C@@H](CCS(C)(=O)=O)c4ccccc4)c3)n[nH]c2C1,0.0
CN1CCN(CCCOc2cccc(CC(=O)Nc3nc(-c4c[nH]c5ncccc45)cs3)c2)CC1,0.0
O=C(Cc1cccc(OCCCC2CCNCC2)c1)Nc1nc(-c2c[nH]c3ncccc23)cs1,0.0
CS(=O)(=O)Nc1cccc(CC(=O)Nc2nc(-c3c[nH]c4ncccc34)cs2)c1,0.0
Cc1[nH]c(/C=C2\C(=O)Nc3ccc(F)cc32)c(C)c1NC(=O)CCN1CCN(C)CC1,0.0
CC1(C)CCc2c(C(=O)Nc3cnn([C@H](c4ccccc4)C4CCCCS4(=O)=O)c3)n[nH]c2C1,0.0
CC1(C)CCc2c(C(=O)Nc3cnn([C@@H](CS(C)(=O)=O)c4ccccc4)c3)n[nH]c2C1,0.0
CCOc1nc(NC(=O)Cc2cc(OC)c(S(C)(=O)=O)cc2OC)cc(N)c1Cl,0.0
CCOc1nc(NC(=O)Cc2cc(OC)c(S(C)(=O)=O)cc2OC)cc(N)c1C#N,0.0
COc1cc(S(C)(=O)=O)c(OC)cc1CC(=O)Nc1cc(N)c(C#N)c(OC(C)C)n1,0.0
CCOc1nc(C(=O)NCc2ccc(S(C)(=O)=O)cc2)cc(N)c1Cl,0.0
CCOc1nc(NC(=O)Cc2cc(OC)ccc2OC)cc(N)c1C#N,0.0
CC(=O)Nc1cc(N)c(C#N)c(-c2ccccc2)n1,0.0
CCOc1nc(NC(C)=O)cc(N)c1C#N,0.0
N#Cc1ncc2nc1OCCCCOc1cc(NCc3cncs3)c(Cl)cc1NC(=O)N2,0.0
COc1ccc(NC(=O)c2ccc(-c3cc(-c4nnc(C)o4)ccc3C)cc2)cc1N1CCN(C)CC1,0.0
Cc1nc(N)sc1-c1ccnc(Nc2ccc(N3CCOCC3)cc2)n1,0.0
Cc1nnc(-c2ccc(C)c(-c3ccc(C(=O)NCC4CC4)cc3)c2)o1,0.0
Cc1nnc(-c2ccc(C)c(-c3ccc(C(=O)Nc4cccc(C#N)c4)cc3)c2)o1,0.0
CS(=O)(=O)Nc1cc2c(cc1Cl)NC(=O)Nc1cnc(C#N)c(n1)OCCCCCO2,0.0
N#Cc1ncc2nc1OCCCCCOc1cc(OCCCO)c(Cl)cc1NC(=O)N2,0.0
N#Cc1ncc2nc1OCCCCCOc1cc(CCCO)c(Cl)cc1NC(=O)N2,0.0
Cc1ccc2c(c1)N(Cc1cc(F)cc3c1OCOC3)C(=O)/C2=N\O,0.0
COc1cc(O)ccc1-c1ccc2c(-c3nc4cc(N(C)C)ccc4[nH]3)n[nH]c2c1,0.0
CCN(CC)CCOc1ccc(Nc2ncc3c(n2)N(C)C(=O)N(c2c(Cl)cccc2Cl)C3)cc1,1.0
COc1cc(Nc2c(C#N)cnc3cc(OCCCN4CCN(C)CC4)c(OC)cc23)c(Cl)cc1Cl,1.0
CSc1cccc(Nc2ncc3cc(-c4c(Cl)cccc4Cl)c(=O)n(C)c3n2)c1,1.0
COc1cc2ncnc(Oc3cccc(NC(=O)Nc4cc(C(C)(C)C(F)(F)F)on4)c3)c2cc1OC,1.0
COc1cc(Nc2cc(Oc3ccc(NC(=O)Nc4cc(C(C)(C)C)cc(NS(C)(=O)=O)c4OC)c4ccccc34)ccn2)ccc1C(=O)O,1.0
COc1cc2c(Oc3ccc(NC(=O)C4(C(=O)Nc5ccc(F)cc5)CC4)cc3F)ccnc2cc1OCCCN1CCOCC1,1.0
COC(=O)c1ccc2c(c1)NC(=O)/C2=C(\Nc1ccc(N(C)C(=O)CN2CCN(C)CC2)cc1)c1ccccc1,1.0
CCN1CCN(Cc2ccc(NC(=O)Nc3ccc(Oc4cc(NC)ncn4)cc3)cc2C(F)(F)F)CC1,1.0
CN[C@@H]1C[C@H]2O[C@@](C)([C@@H]1OC)n1c3ccccc3c3c4c(c5c6ccccc6n2c5c31)C(=O)NC4,1.0
CC(C)NC(=O)[C@H]1CC[C@@H](n2/c(=N/C(=O)c3ccc(F)cc3)[nH]c3ccc(CN4CCC(C(C)(C)O)CC4)cc32)CC1,1.0
C[C@@H](Oc1cc(-c2cnn(C3CCNCC3)c2)cnc1N)c1c(Cl)ccc(F)c1Cl,1.0
COc1cc(Nc2ncc(F)c(Nc3ccc4c(n3)NC(=O)C(C)(C)O4)n2)cc(OC)c1OC,1.0
Cc1ccc(NC(=O)c2ccc(CN3CCN(C)CC3)cc2)cc1Nc1nc(-c2cccnc2)cs1,1.0
O=C(O)Cc1cc(=O)oc2cc(O)ccc12,1.0
COc1ccc(CNC(=O)[C@H](CCC(=O)O)NC(=O)[C@H](Cc2ccc(OP(=O)(O)O)cc2)NC(=O)Cc2cccc3ccccc23)cc1,1.0
CCOc1cc2ncc(C#N)c(Nc3ccc(F)c(Cl)c3)c2cc1NC(=O)/C=C/CN(C)C,1.0
Cc1cn(-c2cc(NC(=O)c3ccc(C)c(Nc4nccc(-c5cccnc5)n4)c3)cc(C(F)(F)F)c2)cn1,1.0
COc1cc(N2CCC(N3CCN(C)CC3)CC2)ccc1Nc1ncc(Cl)c(Nc2ccccc2S(=O)(=O)C(C)C)n1,1.0
COc1cc2c(Nc3ccc(Br)cc3F)ncnc2cc1OCC1CCN(C)CC1,1.0
Cc1ccc(NC(=O)c2ccc(CN3CCN(C)CC3)cc2)cc1Nc1nccc(-c2cccnc2)n1,1.0
COc1cc2c(Oc3ccc4[nH]c(C)cc4c3F)ncnc2cc1OCCCN1CCCC1,1.0
Cc1cnc(Nc2ccc(OCCN3CCCC3)cc2)nc1Nc1cccc(S(=O)(=O)NC(C)(C)C)c1,1.0
CO[C@@H]1[C@H](N(C)CCOCCOCCOCCNC(=O)CCC2=[N+]3C(=Cc4c(C)cc(C)n4[B-]3(F)F)C=C2)C[C@H]2O[C@]1(C)n1c3ccccc3c3c4c(c5c6ccccc6n2c5c31)C(=O)NC4,1.0
CO[C@@H]1[C@H](NCCOCCOCCOCCNC(=O)CCC2=[N+]3C(=Cc4c(C)cc(C)n4[B-]3(F)F)C=C2)C[C@H]2O[C@]1(C)n1c3ccccc3c3c4c(c5c6ccccc6n2c5c31)C(=O)NC4,1.0
CC[C@H](C)[C@H](NC(=O)[C@H](CCC(=O)O)NC(=O)[C@H](CCC(=O)O)NC(=O)[C@H](Cc1ccc(OP(=O)(O)O)cc1)NC(C)=O)C(=O)O,1.0
CC(C)NC(=O)[C@H]1CC[C@@H](n2/c(=N/C(=O)c3cc(F)cc(F)c3)[nH]c3ccc(CN4CCC(C(C)(C)O)CC4)cc32)CC1,1.0
CCOc1cc2ncc(C#N)c(Nc3ccc(OCc4ccccn4)c(Cl)c3)c2cc1NC(=O)/C=C/CN(C)C,1.0
COc1n[nH]c2ncc(-c3cn(-c4c(F)ccc(NS(=O)(=O)c5cccc(-c6ccccc6)c5)c4F)nn3)cc12,1.0
CN(C)CC(=O)N1CCC(c2ccc(NC(=O)c3nc(C#N)c[nH]3)c(C3=CCCCC3)c2)CC1.Cl,1.0
CC(C)c1ccc(C(=O)Nc2cc(CN3CCN(C)CC3)cc(C(F)(F)F)c2)cc1C#Cc1cnc2cnccn12,1.0
CC(=O)N[C@@H](Cc1ccc(OP(=O)(O)O)cc1)C(=O)N[C@@H](CC(C)C)C(=O)N[C@@H](C)c1ccc(C(C)C)cc1,1.0
CC(C)n1nc(-c2cc3cc(O)ccc3[nH]2)c2c(N)ncnc21,1.0
COc1ccc(CNC(=O)[C@H](CCC(=O)O)NC(=O)[C@H](Cc2ccc(OP(=O)(O)O)cc2)NC(C)=O)cc1,1.0
O=C(O)c1cc(C(=O)O)cc(S(=O)(=O)O)c1,1.0
COc1cc(Br)c(C(=O)O)cc1OC,1.0
CN1CCN(c2ccc3nc(-c4c(N)c5c(F)cccc5[nH]c4=O)[nH]c3c2)CC1,1.0
O=C(O)c1ccsc1,1.0
COc1cc(Oc2ccnc3cc(OC)c(OC)cc23)ccc1NC(=O)NC(C)c1nccs1,1.0
COc1ccc(Cn2ccc(C)c(NC(=O)C(Cc3ccc(C(C)(C)C(=O)O)cc3)NC(=O)Cc3ccc4ccccc4c3)c2=O)cc1,1.0
CO[C@@H]1[C@H](N(C)C(=O)c2ccccc2)C[C@H]2O[C@]1(C)n1c3ccccc3c3c4c(c5c6ccccc6n2c5c31)C(=O)NC4,1.0
O=C(O)CNC(=O)c1ccc([N+](=O)[O-])cc1,1.0
Cc1[nH]c(/C=C2\C(=O)Nc3ccc(S(=O)(=O)Cc4c(Cl)cccc4Cl)cc32)c(C)c1C(=O)N1CCC[C@@H]1CN1CCCC1,1.0
COc1cc2nccc(Nc3cc(OC)c(OC)c(OC)c3)c2cc1OC,1.0
CC1(C)CNc2cc(NC(=O)c3cccnc3NCc3ccncc3)ccc21,1.0
C[C@]12O[C@H](C[C@]1(O)CO)n1c3ccccc3c3c4c(c5c6ccccc6n2c5c31)CNC4=O,1.0
CO[C@@H]1[C@H](N(C)C(=O)c2ccccc2)C[C@H]2O[C@]1(C)n1c3ccccc3c3c4c(c5c6ccccc6n2c5c31)C(=O)N[C@H]4O,1.0
C#Cc1cccc(Nc2ncnc3cc(OCCOC)c(OCCOC)cc23)c1,1.0
Cc1ccc(C(=O)NC2CC2)cc1-c1ccc2c(-c3ccccc3F)nncc2c1,1.0
C=CC(=O)Nc1cc2c(Nc3ccc(F)c(Cl)c3)ncnc2cc1OCCCN1CCOCC1,1.0
CN(C)C/C=C/C(=O)Nc1cc2c(Nc3ccc(F)c(Cl)c3)ncnc2cc1O[C@H]1CCOC1,1.0
O=C(O)c1ccc(Nc2ncc3c(n2)-c2ccc(Cl)cc2C(c2c(F)cccc2F)=NC3)cc1,1.0
CC(=O)O,1.0
Cn1c(Nc2ccc(C(F)(F)F)cc2)nc2cc(Oc3ccnc(-c4ncc(C(F)(F)F)[nH]4)c3)ccc21,1.0
CC(=O)N[C@@H](Cc1ccc(OP(=O)(O)O)cc1)C(=O)N[C@@H](CC(C)C)C(=O)NCc1ccc(C(C)C)cc1,1.0
COc1ccc(Cn2ccc(C)c(NC(=O)[C@H](Cc3ccc(C(C)(C)C(=O)O)cc3)NC(=O)C(C)(C)c3ccc4ccccc4c3)c2=O)cc1,0.0
COc1cc2ncnc(Nc3ccc(F)c(Cl)c3)c2cc1OCCCN1CCOCC1,0.0
Cc1cc2c(F)c(Oc3ncnn4cc(OC[C@@H](C)O)c(C)c34)ccc2[nH]1,0.0
Cc1ccc(-n2nc(C(C)(C)C)cc2NC(=O)Nc2ccc(OCCN3CCOCC3)c3ccccc23)cc1,0.0
COc1cc(Nc2ccnc3ccc(C(F)(F)F)cc23)cc(OC)c1OC,0.0
CCN(CC)CCNC(=O)c1c(C)[nH]c(/C=C2\C(=O)Nc3ccc(F)cc32)c1C,0.0
Cc1ccc(Nc2nccc(N(C)c3ccc4c(C)n(C)nc4c3)n2)cc1S(N)(=O)=O,0.0
COc1ccc(Cn2ccc(C)c(NC(=O)C(Cc3ccc(C(C)(C)C(=O)O)cc3)NC(=O)C(C)(C)c3cccc4ccccc34)c2=O)cc1,0.0
COc1ccc(Cn2ccc(C)c(NC(=O)C(Cc3ccc(C(C)(C)C(=O)O)cc3)NC(=O)Cc3cccc4ccccc34)c2=O)cc1,0.0
O=C(c1ccc(/C=C/c2n[nH]c3ccccc23)cc1)N1CCNCC1,0.0
CC[C@H](C)[C@H](NC(=O)[C@H](CCC(=O)O)NC(=O)[C@H](CCC(=O)O)NC(=O)[C@H](Cc1ccc(O)cc1)NC(=O)[C@@H]1CCCN1C(C)=O)C(N)=O,0.0
COc1ccc(Cn2ccc(C)c(NC(=O)C(Cc3ccc(CC(=O)O)cc3)NC(=O)Cc3cccc4ccccc34)c2=O)cc1,0.0
CN(C)C[C@@H]1CCn2cc(c3ccccc32)C2=C(C(=O)NC2=O)c2cn(c3ccccc23)CCO1,0.0
CC(=O)N[C@@H](Cc1ccc(OP(=O)(O)O)cc1)C(=O)N[C@@H](CCC(=O)O)C(=O)NCc1ccccc1,0.0
CC(=O)N[C@@H](Cc1ccc(OP(=O)(O)O)cc1)C(=O)N[C@@H](CC(C)C)C(=O)N[C@@H](C)c1ccc(C)cc1,0.0
COc1ccc(CNC(=O)[C@H](CC(C)C)NC(=O)[C@H](Cc2ccc(OP(=O)(O)O)cc2)NC(C)=O)cc1,0.0
Cn1c(=O)c(-c2ccccc2Cl)cc2cnc(NC3CCOCC3)nc21,0.0
CCCS(=O)(=O)Nc1ccc(F)c(C(=O)c2c[nH]c3ncc(Cl)cc23)c1F,0.0
C[C@@H]1CCN(C(=O)CC#N)C[C@@H]1N(C)c1ncnc2[nH]ccc12,0.0
O=c1ncn2nc(Sc3ccc(F)cc3F)ccc2c1-c1c(Cl)cccc1Cl,0.0
CC(=O)N[C@@H](Cc1ccc(OP(=O)(O)O)cc1)C(=O)N[C@@H](CC(C)C)C(=O)N(C)Cc1ccc(C)cc1,0.0
COc1ccc(CNC(=O)[C@H](CCC(=O)O)NC(=O)[C@H](Cc2ccc(C(O)C(=O)O)cc2)NC(=O)Cc2cccc3ccccc23)cc1,0.0
Cc1[nH]c(/C=C2\C(=O)Nc3ccc(F)cc32)c(C)c1C(=O)NC[C@H](O)CN1CCOCC1,0.0
COc1ccc2c(CC(=O)O)cc(=O)oc2c1,0.0
CC(=O)N[C@@H](Cc1ccc(OP(=O)(O)O)cc1)C(=O)N[C@@H](CC(C)C)C(=O)NCc1ccc(C)cc1,0.0
CNC(=O)c1ccccc1Sc1ccc2c(/C=C/c3ccccn3)n[nH]c2c1,0.0
C[S+]([O-])c1ccc(-c2nc(-c3ccc(F)cc3)c(-c3ccncc3)[nH]2)cc1,0.0
CC1=NN(c2ccc(C(=O)NCCCNC(=O)C(Cc3ccc(OP(=O)(O)O)cc3)NC(=O)Cc3cc(=O)oc4cc(O)ccc34)cc2)C(=O)C1,0.0
COc1ccc(CNC(=O)[C@H](CCC(=O)O)NC(=O)[C@H](Cc2ccc(NC(=O)C(=O)O)cc2)NC(=O)Cc2cccc3ccccc23)cc1,0.0
COc1ccc(CNC(=O)[C@H](CCC(=O)O)NC(=O)[C@H](Cc2ccc(NC(=O)C(=O)O)cc2)NC(=O)Cc2ccc3ccccc3c2)cc1,0.0
Nc1nc(N)c2nc(-c3cccc(O)c3)c(-c3cccc(O)c3)nc2n1,0.0
Nc1c(C(=O)c2cccc(OC[C@@H](O)CO)c2)cnn1-c1ccc(F)cc1,0.0
COc1ccc(CNC(=O)[C@H](CCC(=O)O)NC(=O)[C@H](Cc2ccc(CS(=O)(=O)O)cc2)NC(=O)Cc2cccc3ccccc23)cc1,0.0
COc1ccc([N+](=O)[O-])cc1CSc1nnc(N)s1,0.0
CC(=O)N[C@@H](Cc1ccc(OP(=O)(O)O)cc1)C(=O)N[C@@H](CCC(=O)O)C(=O)NCCc1ccccc1,0.0
CO/C=C/C(=O)c1cc2c3c(c(N)cc(NC(=O)C(C)C)c3n1)N=C2,0.0
COc1ccc(CNC(=O)[C@H](CCC(=O)O)NC(=O)[C@H](Cc2ccc(CC(=O)O)cc2)NC(=O)Cc2cccc3ccccc23)cc1,0.0
Cc1ccc(NC(=O)CN2C(=O)S/C(=C\c3ccc(-c4cc(C(=O)O)ccc4C)o3)C2=O)cc1,0.0
O=[N+]([O-])c1cc(Br)c(O)c(/C=C/c2ccc3cccc(O)c3n2)c1,0.0
CNC(=O)c1cc(Oc2ccc(NC(=O)Nc3ccc(Cl)c(C(F)(F)F)c3)cc2)ccn1,0.0
COc1ccc(Cn2ccc(C)c(NC(=O)C(Cc3ccc(CC(=O)O)cc3)NC(C)=O)c2=O)cc1,0.0
CC(=O)N[C@@H](Cc1ccc(OP(=O)(O)O)cc1)C(=O)N[C@@H](CCC(=O)O)C(=O)Nc1ccccc1,0.0
CC(=O)N[C@@H](Cc1ccc(OP(=O)(O)O)cc1)C(=O)N[C@@H](CC(C)C)C(=O)NCc1ccc(C(C)(C)C)cc1,0.0
COc1cccc(CNC(=O)[C@H](CC(C)C)NC(=O)[C@H](Cc2ccc(OP(=O)(O)O)cc2)NC(C)=O)c1,0.0
COc1ccc(F)c(F)c1C(=O)c1cnc(NC2CCN(S(C)(=O)=O)CC2)nc1N,0.0
CS(=O)(=O)N1CCN(Cc2cc3nc(-c4cccc5[nH]ncc45)nc(N4CCOCC4)c3s2)CC1,0.0
Cn1cnc2c(F)c(Nc3ccc(Br)cc3Cl)c(C(=O)NOCCO)cc21,0.0
OCCn1cc(-c2ccc3c(c2)CC/C3=N\O)c(-c2ccncc2)n1,0.0
COc1c(Cl)cc2c([nH]c3cnccc32)c1NC(=O)c1cccnc1C,0.0
CC(C)(C)c1cc(NC(=O)Nc2ccc(-c3cn4c(n3)sc3cc(OCCN5CCOCC5)ccc34)cc2)no1,0.0
Cn1cc(C2=C(c3cn(C4CCN(Cc5ccccn5)CC4)c4ccccc34)C(=O)NC2=O)c2ccccc21,0.0
CNC(=O)c1c(F)cccc1Nc1nc(Nc2cc3c(cc2OC)CCN3C(=O)CN(C)C)nc2[nH]ccc12,0.0
N#CC[C@H](C1CCCC1)n1cc(-c2ncnc3[nH]ccc23)cn1,0.0
Cn1cc(-c2ccc3nnc(Sc4ccc5ncccc5c4)n3n2)cn1,0.0
C[C@@H](Oc1cc(-n2cnc3ccc(CN4CCN(C)CC4)cc32)sc1C(N)=O)c1ccccc1C(F)(F)F,0.0
CCn1c(-c2nonc2N)nc2c(C#CC(C)(C)O)ncc(OC[C@H]3CCCNC3)c21,0.0
CS(=O)(=O)CCNCc1ccc(-c2ccc3ncnc(Nc4ccc(OCc5cccc(F)c5)c(Cl)c4)c3c2)o1,0.0
Oc1ccc(-c2nc(-c3ccc(F)cc3)c(-c3ccncc3)[nH]2)cc1,0.0
Cc1n[nH]c2ccc(-c3cncc(OC[C@@H](N)Cc4ccccc4)c3)cc12,0.0
CN1CCCN(c2cncc(-c3cccc(/C=C/C(=O)O)c3)n2)CC1,0.0
Cc1ccc(F)c(NC(=O)Nc2ccc(-c3cccc4[nH]nc(N)c34)cc2)c1,0.0
CC(C)(C)c1cnc(CSc2cnc(NC(=O)C3CCNCC3)s2)o1,0.0
CC[C@@H]1C(=O)N(C)c2cnc(Nc3ccc(C(=O)NC4CCN(C)CC4)cc3OC)nc2N1C1CCCC1,0.0
O=C(NOCC1CC1)c1ccc(F)c(F)c1Nc1ccc(I)cc1Cl,0.0
NC(=O)c1ccc(-c2nc(-c3ccccn3)c(-c3ccc4c(c3)OCO4)[nH]2)cc1,0.0
CN1CC[C@H](c2c(O)cc(O)c3c(=O)cc(-c4ccccc4Cl)oc23)[C@H](O)C1,0.0
Nc1nc(Nc2ccc(S(N)(=O)=O)cc2)nn1C(=O)c1c(F)cccc1F,0.0
Cc1ccc2nc(NCCN)c3ncc(C)n3c2c1,0.0
COc1cc2c(N3CCN(C(=O)Nc4ccc(OC(C)C)cc4)CC3)ncnc2cc1OCCCN1CCCCC1,0.0
O=C(NC1CCNCC1)c1n[nH]cc1NC(=O)c1c(Cl)cccc1Cl,0.0
Oc1cccc(-c2nc(N3CCOCC3)c3oc4ncccc4c3n2)c1,0.0
Clc1ccc(Nc2nnc(Cc3ccncc3)c3ccccc23)cc1,0.0
CC[C@H](CO)Nc1nc(NCc2ccccc2)c2ncn(C(C)C)c2n1,0.0
COc1ccc(COc2ccc(Cc3cnc(N)nc3N)cc2OC)cc1,0.0
COCC(=O)NC/C=C/c1ccc2ncnc(Nc3ccc(Oc4ccc(C)nc4)c(C)c3)c2c1,0.0
N=C1S/C(=C/c2ccc(-c3cccc(C(=O)O)c3)o2)C(=O)N1c1ccc(F)cc1,0.0
COc1ccc(CNC(=O)[C@H](CC(C)C)NC(=O)[C@H](Cc2ccc(OP(=O)(O)O)cc2)NC(C)=O)cc1OC,0.0
COc1ccc(CNC(=O)[C@H](CCC(=O)O)NC(=O)[C@H](Cc2ccc(NC(=O)C(=O)O)cc2)NC(=O)CCc2ccccc2)cc1,0.0
COc1ccc(CNC(=O)[C@H](CCC(=O)O)NC(=O)[C@H](Cc2ccc(C(O)C(=O)O)cc2)NC(C)=O)cc1,0.0
CC(=O)N[C@@H](Cc1ccc(OP(=O)(O)O)cc1)C(=O)N[C@@H](CC(C)C)C(=O)NCc1ccncc1,0.0
CC(=O)N[C@@H](Cc1ccc(OP(=O)(O)O)cc1)C(=O)N[C@@H](CC(C)C)C(=O)NCc1ccccc1,0.0
COc1ccc(CNC(=O)[C@H](CCC(=O)O)NC(=O)[C@H](Cc2ccc(NC(=O)C(=O)O)cc2)NC(=O)Cc2ccccc2)cc1,0.0
COc1ccccc1CNC(=O)[C@H](CC(C)C)NC(=O)[C@H](Cc1ccc(OP(=O)(O)O)cc1)NC(C)=O,0.0
O=C1Nc2nc(N[C@H]3CC[C@H](O)CC3)ncc2CN1c1ccccc1Cl,0.0
CC(=O)N[C@@H](Cc1ccc(OP(=O)(O)O)cc1)C(=O)N[C@@H](CC(C)C)C(=O)NCc1ccc(N(C)C)cc1,0.0
COc1ccc(Cn2cccc(NC(=O)C(Cc3ccc(CC(=O)O)cc3)NC(=O)Cc3cccc4ccccc34)c2=O)cc1,0.0
COc1ccc(CNC(=O)[C@H](CCC(=O)O)NC(=O)[C@H](Cc2ccc(CS(=O)(=O)O)cc2)NC(C)=O)cc1,0.0
CC(=O)N[C@@H](Cc1ccc(OP(=O)(O)O)cc1)C(=O)N[C@@H](CCC(=O)O)C(N)=O,0.0
CC(=O)N[C@@H](Cc1ccc(OP(=O)(O)O)cc1)C(=O)N[C@@H](CC(C)C)C(=O)N[C@H](C)c1ccc(C)cc1,0.0
CC(=O)N[C@@H](Cc1ccc(OP(=O)(O)O)cc1)C(=O)N[C@@H](CC(C)C)C(=O)NCc1ccccn1,0.0
COc1ccc(CNC(=O)[C@H](CCC(=O)O)NC(=O)[C@H](Cc2ccc(NC(=O)C(=O)O)cc2)NC(=O)c2ccccc2)cc1,0.0
CC(=O)N[C@@H](Cc1ccc(OP(=O)(O)O)cc1)C(=O)N[C@@H](CC(C)C)C(=O)NCc1cccnc1,0.0
Cc1ccc(C(=O)NC2CC2)cc1-c1cc2cnn(-c3ccccc3F)c2n(C)c1=O,0.0
Cc1ccc(C(=O)NC2CC2)cc1-c1cc2cnn(-c3ccc(F)cc3F)c2n(C)c1=O,0.0
CC[C@H](C)[C@H](NC(=O)[C@H](CCC(=O)O)NC(=O)[C@H](CCC(=O)O)NC(=O)[C@H](Cc1ccc(CC(=O)O)cc1)NC(C)=O)C(=O)O,0.0
COc1ccc(CNC(=O)[C@H](CCC(=O)O)NC(=O)[C@H](Cc2ccc(NC(=O)C(=O)O)cc2)NC(C)=O)cc1,0.0
COc1ccc(CNC(=O)[C@H](CCC(=O)O)NC(=O)[C@H](Cc2ccc(CC(=O)O)cc2)NC(C)=O)cc1,0.0
COc1ccc(Cn2ccc(C)c(NC(=O)[C@@H](Cc3ccc(C(C)(C)C(=O)O)cc3)NC(=O)C(C)(C)c3ccc4ccccc4c3)c2=O)cc1,0.0
Cc1cc(C)nc(NC(=O)c2cc(C(=O)O)c(C(=O)Nc3cc(C)cc(C)n3)cc2C(=O)O)c1,0.0
COc1ccc(CNC(=O)[C@H](CCC(=O)O)NC(=O)[C@H](Cc2ccc(C(=O)C(=O)O)cc2)NC(C)=O)cc1,0.0
COc1ccc(CNC(=O)[C@H](CCC(=O)O)NC(=O)[C@H](Cc2ccc(C(F)(F)C(=O)O)cc2)NC(C)=O)cc1,0.0
COc1ccc(CNC(=O)[C@H](CCC(=O)O)NC(=O)[C@H](Cc2ccc(CCC(=O)O)cc2)NC(C)=O)cc1,0.0
O=C(O)c1cc(C(=O)O)cc(C(=O)O)c1,0.0
O=P(O)(O)Oc1cccc2ccccc12,0.0
O=P(O)(O)Oc1ccccc1,0.0
CCOC(=O)C(Cc1ccc(OP(=O)(O)O)cc1)NC(C)=O,0.0
NC(Cc1ccc(OP(=O)(O)O)cc1)C(=O)O,0.0
Cc1ccccc1CP(=O)(O)O,0.0
O=P(O)(O)Cc1cccc2ccccc12,0.0
O=C(O)c1ccccc1C(=O)n1ccnc1,0.0
O=P(O)(O)c1cccc2ccccc12,0.0
Cc1nccn1C(=O)c1ccccc1C(=O)O,0.0
CCCN(CCC)C(=O)c1ccccc1C(=O)O,0.0
O=C(O)c1ccccc1C(=O)O,0.0
O=P(O)(O)Cc1ccccc1,0.0
O=C(O)Cc1ccccc1,0.0
